admin, DCSadmin01 | hello
admin2, DCSadmin02 | hello
admin3, DCSadmin |asda
joseph, DCSadmin |asda
steven, DCSadmin4|asda
test,test|
Hello,Hello|MrJosephKettererjoseph.ketterer@gmail.com
Test,Test|Mr,Joseph,Ketterer,joseph.ketterer@gmail.com
asdsad,hello|Mr,Joseph,Ketterer,joseph.ketterer@gmail.com
joseph,ketterer|Mr,Joseph,Ketterer,joseph.ketterer@gmail.com
admin,admin|Mr,Joseph,Ketterer,joseph.ketterer@gmail.com
pleasework,pleasework|Mr,Joseph,Ketterer,joseph.ketterer@gmail.com
